Title,Artist,Album
Texas Sun,Texas Sun,Khruangbin
Texas Sun,Texas Sun,Leon Bridges
Beauty & Essex (feat. Daniel Caesar & Unknown Mortal Orchestra),Free Nationals,Free Nationals
Music Sounds Better with You,Music Sounds Better with You,NEIL FRANCES
Mariella,Texas Moon,Khruangbin
Mariella,Texas Moon,Leon Bridges
Wildfires,Untitled (Black Is),SAULT
White Gloves,The Universe Smiles Upon You,Khruangbin
So Good At Being in Trouble,II,Unknown Mortal Orchestra
Time (You and I),Mordechai,Khruangbin
Teardrops,Teardrops,NEIL FRANCES
Queens Highway,The Exciting Sounds of Menahan Street Band,Menahan Street Band
Diarabi,Ali,Vieux Farka Touré
Diarabi,Ali,Khruangbin
Got Caught in Amsterdam,The Thief in Marrakesh Got Caught in Amsterdam Trying to Escape,Arc De Soleil
Midnight,Texas Sun,Khruangbin
Midnight,Texas Sun,Leon Bridges
Hunnybee,Sex & Food,Unknown Mortal Orchestra
B-Side,Texas Moon,Khruangbin
B-Side,Texas Moon,Leon Bridges
Dumb Love,Dumb Love,NEIL FRANCES
People Everywhere (Still Alive),The Universe Smiles Upon You,Khruangbin
Heart of Gold,No Time For Dreaming,Charles Bradley
So We Won't Forget,Mordechai,Khruangbin
Masterpiece,5,SAULT
Evan Finds the Third Room,Con Todo El Mundo,Khruangbin
dancing,There is no Neil Frances,NEIL FRANCES
Lobbo,Ali,Vieux Farka Touré
Lobbo,Ali,Khruangbin
Is It Any Wonder?,Durand Jones & The Indications (Deluxe Edition),Durand Jones & The Indications
Chocolate Hills,Texas Moon,Khruangbin
Chocolate Hills,Texas Moon,Leon Bridges
Mumbo Sugar,Libertalia,Arc De Soleil
Two Fish and an Elephant,The Universe Smiles Upon You,Khruangbin
Show Me the Right,Show Me the Right,NEIL FRANCES
Pelota,Mordechai,Khruangbin
Witchoo,Private Space,Durand Jones & The Indications
Feel Good (feat. Khruangbin),Kingdoms In Colour,Maribou State
Mad About You,New Magic,Son Little
Maria También,Con Todo El Mundo,Khruangbin
Tell Me,Tell Me,NEIL FRANCES
Tell Me,Tell Me,The Undercover Dream Lovers
Alakarra,Ali,Vieux Farka Touré
Alakarra,Ali,Khruangbin
The World (Is Going Up in Flames),No Time For Dreaming,Charles Bradley
Dern Kala,The Universe Smiles Upon You,Khruangbin
Sea Gets Hotter,American Love Call,Durand Jones & The Indications
Connaissais de Face,Mordechai,Khruangbin
Sahara Cowboy,Chameleon Sunday,Arc De Soleil
Pretty Boys (feat. Khruangbin),McCartney III Imagined,Paul McCartney
Why Why Why Why Why,5,SAULT
Doris,Texas Moon,Khruangbin
Doris,Texas Moon,Leon Bridges
Cruisin to the Park,Cruisin to the Park,Durand Jones & The Indications
Mahine Me,Ali,Vieux Farka Touré
Mahine Me,Ali,Khruangbin
Something New,Today,Babe Rainbow
The Infamous Bill,The Infamous Bill,Khruangbin
Stay Away,No Time For Dreaming,Charles Bradley
August Twelve,The Universe Smiles Upon You,Khruangbin
Games,Games,NEIL FRANCES
